{
    "args": {
        "address": {},
        "assert_contracts": null,
        "build_only": false,
        "cache": null,
        "check_args": false,
        "cloud": null,
        "coinbaseMode": false,
        "contracts": [
            "FixedTermLoan",
            "ERC20",
            "TrueFiPool2",
            "FixedTermLoanAgency"
        ],
        "debug": false,
        "delay_fetch_output_seconds": null,
        "disableLocalTypeChecking": false,
        "env": "production",
        "file_paths": [
            "contracts/truefi2/FixedTermLoan.sol",
            "contracts/common/UpgradeableERC20.sol",
            "spec/truefi2/harness/TrueFiPool2.sol",
            "contracts/truefi2/FixedTermLoanAgency.sol"
        ],
        "file_to_contract": {
            "contracts/common/UpgradeableERC20.sol": "ERC20",
            "contracts/truefi2/FixedTermLoan.sol": "FixedTermLoan",
            "contracts/truefi2/FixedTermLoanAgency.sol": "FixedTermLoanAgency",
            "spec/truefi2/harness/TrueFiPool2.sol": "TrueFiPool2"
        },
        "files": [
            "contracts/common/UpgradeableERC20.sol:ERC20",
            "contracts/truefi2/FixedTermLoan.sol",
            "contracts/truefi2/FixedTermLoanAgency.sol",
            "spec/truefi2/harness/TrueFiPool2.sol"
        ],
        "internal_funcs": null,
        "jar": null,
        "java_args": null,
        "key": "52feecee7806e734064cb3bc69e600069aa4ac98",
        "link": [
            "FixedTermLoan:token=ERC20"
        ],
        "local": false,
        "log_branch": null,
        "log_query_frequency_seconds": null,
        "loop_iter": null,
        "max_attempts_to_fetch_output": null,
        "max_graph_depth": null,
        "max_poll_minutes": null,
        "method": null,
        "mode": "Mode.VERIFY",
        "msg": null,
        "no_compare": false,
        "optimistic_loop": true,
        "packages": [
            "@chainlink/contracts=/Users/maciej/smart-contracts/node_modules/@chainlink/contracts",
            "@nomiclabs/hardhat-ethers=/Users/maciej/smart-contracts/node_modules/@nomiclabs/hardhat-ethers",
            "@nomiclabs/hardhat-waffle=/Users/maciej/smart-contracts/node_modules/@nomiclabs/hardhat-waffle",
            "@openzeppelin/contracts=/Users/maciej/smart-contracts/node_modules/@openzeppelin/contracts",
            "eslint-plugin-no-only-tests=/Users/maciej/smart-contracts/node_modules/eslint-plugin-no-only-tests",
            "ethereum-mars=/Users/maciej/smart-contracts/node_modules/ethereum-mars",
            "ethers=/Users/maciej/smart-contracts/node_modules/ethers",
            "ganache-time-traveler=/Users/maciej/smart-contracts/node_modules/ganache-time-traveler",
            "hardhat-typechain=/Users/maciej/smart-contracts/node_modules/hardhat-typechain",
            "hardhat=/Users/maciej/smart-contracts/node_modules/hardhat",
            "openzeppelin-solidity=/Users/maciej/smart-contracts/node_modules/openzeppelin-solidity",
            "web3=/Users/maciej/smart-contracts/node_modules/web3"
        ],
        "packages_path": "/Users/maciej/smart-contracts/node_modules",
        "path": "/Users/maciej/smart-contracts/contracts",
        "process": "emv",
        "queue_wait_minutes": null,
        "rule": null,
        "rule_sanity": false,
        "send_only": false,
        "settings": [
            "-assumeUnwindCond",
            "-ciMode=true"
        ],
        "short_output": true,
        "smt_timeout": null,
        "solc": "/usr/local/bin/solc",
        "solc_args": null,
        "solc_map": null,
        "spec_files": [
            "spec/truefi2/FixedTermLoan.spec"
        ],
        "staging": null,
        "struct_link": null,
        "tool_output": null,
        "typecheck_only": false,
        "verified_contract_files": [
            "contracts/truefi2/FixedTermLoan.sol"
        ],
        "verify": [
            "FixedTermLoan:spec/truefi2/FixedTermLoan.spec"
        ]
    },
    "branch": "fv/fixed-term-loan-minimal",
    "conf": {
        "files": [
            "contracts/common/UpgradeableERC20.sol:ERC20",
            "contracts/truefi2/FixedTermLoan.sol",
            "contracts/truefi2/FixedTermLoanAgency.sol",
            "spec/truefi2/harness/TrueFiPool2.sol"
        ],
        "link": [
            "FixedTermLoan:token=ERC20"
        ],
        "optimistic_loop": true,
        "process": "emv",
        "short_output": true,
        "verify": [
            "FixedTermLoan:spec/truefi2/FixedTermLoan.spec"
        ]
    },
    "cwd_relative": ".",
    "dirty": true,
    "origin": "git@github.com:trusttoken/smart-contracts.git",
    "raw_args": [
        "/usr/local/bin/certoraRun",
        "contracts/truefi2/FixedTermLoan.sol",
        "spec/truefi2/harness/TrueFiPool2.sol",
        "contracts/truefi2/FixedTermLoanAgency.sol",
        "contracts/common/UpgradeableERC20.sol:ERC20",
        "--verify",
        "FixedTermLoan:spec/truefi2/FixedTermLoan.spec",
        "--link",
        "FixedTermLoan:token=ERC20",
        "--short_output",
        "--optimistic_loop"
    ],
    "revision": "8f56f25b7796206303bfa22afa979a3cdcf8f002",
    "timestamp": "1636983911.107602"
}